<?xml version='1.1' encoding='UTF-8'?>
<Tag plugin="workflow-support@3.3">
  <node class="cps.n.StepStartNode" plugin="workflow-cps@2.77">
    <parentIds>
      <string>2</string>
    </parentIds>
    <id>3</id>
    <descriptorId>org.jenkinsci.plugins.workflow.support.steps.ExecutorStep</descriptorId>
  </node>
  <actions>
    <s.a.LogStorageAction/>
    <cps.a.ArgumentsActionImpl plugin="workflow-cps@2.77">
      <arguments>
        <entry>
          <string>label</string>
          <string>master</string>
        </entry>
      </arguments>
      <isUnmodifiedBySanitization>true</isUnmodifiedBySanitization>
    </cps.a.ArgumentsActionImpl>
    <wf.a.TimingAction plugin="workflow-api@2.37">
      <startTime>1575369464230</startTime>
    </wf.a.TimingAction>
    <org.jenkinsci.plugins.workflow.support.steps.ExecutorStepExecution_-QueueItemActionImpl plugin="workflow-durable-task-step@2.35">
      <id>14</id>
    </org.jenkinsci.plugins.workflow.support.steps.ExecutorStepExecution_-QueueItemActionImpl>
    <s.a.WorkspaceActionImpl>
      <node></node>
      <path>C:\Program Files (x86)\Jenkins\workspace\PipelineDemo1609</path>
      <labels class="sorted-set"/>
    </s.a.WorkspaceActionImpl>
  </actions>
</Tag>